Period,Revenue,CostOfRevenue,GrossProfit,GrossMargin,OperatingIncome,OperatingMargin,EBITDA,NetIncome,NetMargin,EPS,OperatingCashFlow,CapEx,FreeCashFlow,ShareholdersEquity,TotalAssets,TotalLiabilities,TotalDebt,CashAndEquivalents,SharesOutstanding,StockBasedComp,DividendPerShare,Units,Currency
FY2018,,,,,,,,,,,,,,-68.422,,,,,,,,millions,USD
FY2019,442.659,116.327,,,,,,-239.697,-54.1,-4.02,-54.733,37.59,-92.32300000000001,-339.062,,,,499.486,65.619361,60.936,,millions,USD
H1-2020,193.254,74.065,,,,,,-98.559,-51.0,-1.68,394.925,8.831,386.094,,,,,,70.768457,43.23,,millions,USD
Q2 2020,114.952,41.408,,,,,,7.808,6.8,-0.03,,,,,,,,,72.147293,23.545,,millions,USD
Q3 2020,200.787,51.821,,,,,,-42.878,-21.4,-0.7,-0.005,,,,,,,,75.320032,26.551,,millions,USD
H2-2020,372.278,125.886,,,-0.663611,,,-0.646393,-0.2,-2.38,-1.286224,,,,,,,,72.296724,69.781,,millions,USD
FY2020,565.532,178.896,,,,,,-224.053,-39.6,-4.3,-479.336,24.549,-503.885,-120.115,8563.499,5509.928,4798.925,872.582,73.851108,99.87,,millions,USD
Q1 2021,195.984,57.57,,,-5.289511,,,-177.564,-90.6,-1.61,340.051,7.445,332.606,,,,,,116.152593,37.454,,millions,USD
H1-2021,427.258,118.194,,,,,,-342.878,-80.3,-1.5,82.608,26.808,55.800000000000004,,,,,,241.282003,89.608,,millions,USD
Q2 2021,231.274,60.624,,,,,,-165.314,-71.5,-0.48,,,,,,,,,365.036365,52.154,,millions,USD
Q3 2021,272.006,69.591,,,,,,-30.047,-11.0,-0.05,,,,,,,,,800.56583,72.681,,millions,USD
H2-2021,557.614,187.785,,,,,,-372.925,-66.9,-0.94,-113.928,,,,,,,,429.750486,162.289,,millions,USD
FY2021,984.872,256.98,,,,,,-483.937,-49.1,-1.0,-1350.217,52.261,-1402.478,4377.329,9176.326,4478.623,3947.983,494.711,526.730261,239.011,,millions,USD
Q1 2022,330.344,70.437,,,,,,-110.357,-33.4,-0.14,-1011.224,25.114,-1036.338,,,,,,852.853596,77.021,,millions,USD
H1-2022,692.871,149.528,,,,,,-206.192,-29.8,-0.26,-1956.723,47.017,-2003.74,,,,,,881.608165,157.163,,millions,USD
Q2 2022,362.527,79.091,,,,,,-95.835,-26.4,-0.12,,,,,,,,,910.04675,80.142,,millions,USD
Q3 2022,423.985,83.083,,,,,,-74.209,-17.5,-0.09,,,,,,,,,916.762973,77.855,,millions,USD
H2-2022,880.664,232.611,,,,,,-280.401,-31.8,-0.35,-4837.023,,,,,,,,893.455206,235.018,,millions,USD
FY2022,1573.535,313.226,,,,,,-320.407,-20.4,-0.4,-7255.858,93.201,-7349.059,5208.102,19007.675,13479.199,5485.882,1421.907,900.886,305.994,0.0,millions,USD
Q1 2023,472.158,83.908,,,,,,-34.422,-7.3,-0.05,-2212.76,23.72,-2236.48,,,,,,929.270723,64.226,,millions,USD
H1-2023,970.176,177.793,,,,,,-81.971,-8.4,-0.11,-4292.679,49.071,-4341.75,,,,,,932.926222,140.104,,millions,USD
Q2 2023,498.018,93.885,,,,,,-47.549,-9.5,-0.06,,,,,,,,,936.56942,75.878,,millions,USD
Q3 2023,537.209,98.258,,,,,,-266.684,-49.6,-0.29,,,,,,,,,951.183107,62.005,,millions,USD
H2-2023,1152.613,276.051,,,,,,-348.655,-30.2,-0.4,-6979.198,,,,,,,,939.070185,202.109,0.0,millions,USD
FY2023,2122.789,379.998,,,,,,-300.742,-14.2,-0.36,-7227.139,111.409,-7338.548,5234.612,30074.858,24519.872,5233.416,3085.02,945.024,271.216,0.0,millions,USD
Q1 2024,644.995,100.061,,,,,,88.043,13.7,0.02,738.248,31.984,706.264,,,,,,1042.477,55.082,0.0,millions,USD
H1-2024,1243.613,209.764,,,,,,105.447,8.5,0.03,253.877,68.696,185.181,,,,,,1042.403,116.139,0.0,millions,USD
Q2 2024,598.618,109.703,,,,,,17.404,2.9,0.01,,,,,,,,,1065.171,61.057,,millions,USD
Q3 2024,697.121,123.714,,,,,,60.745,8.7,0.05,,,,,,,,,1104.45,63.646,,millions,USD
H2-2024,1431.246,333.478,,,,,,166.192,11.6,0.08,-919.704,,,,,,,,1078.402,179.785,0.0,millions,USD
FY2024,2674.859,461.633,,,,,,498.665,18.6,0.39,-1119.807,154.265,-1274.0720000000001,6525.134,36250.951,29725.817,3092.692,2538.293,1101.39,246.152,0.0,millions,USD
Q1 2025,771.759,135.52,,,,,,71.116,9.2,0.06,21.502,52.604,-31.102,,,,,,1185.466,63.756,0.0,millions,USD
H1-2025,1626.703,285.957,,,,,,168.379,10.4,0.14,-1445.406,116.069,-1561.475,,,,,,1184.197,127.012,0.0,millions,USD
Q2 2025,854.944,150.437,,,,,,97.263,11.4,0.08,,,,,,,,,1182.877,63.256,,millions,USD
Q3 2025,961.6,161.423,,,,,,139.392,14.5,0.11,,,,,,,,,1291.011,66.469,,millions,USD
H2-2025,1986.651,447.38,,,,,,307.771,15.5,0.25,-2751.28,,,,,,,,1220.053,193.481,0.0,millions,USD
FY2025,3613.354,608.998,,,,,,481.32,13.3,0.39,-3742.458,242.444,-3984.902,10489.495,50660.478,40170.983,1815.162,4929.452,1251.767,262.058,0.0,millions,USD
Q1 2026,1100.368,171.123,,,,,,166.731,15.2,0.12,-2314.994,67.551,-2382.545,,,,,,1378.011,72.012,0.0,millions,USD
FY2026,,,,,,,,,,,,,,10811.591,53698.258,42886.667,,3401.02,1281.409498,,,millions,USD
